frame,t,activity,outlet,liquid,disturbed,outside_ratio,blobs,contrast,noise_sigma,threshold,flowing,became_flowing,finished
0,0.0,0.0,0.0,0,0,0.0,0.0,0.0,0.0,0.0,0,0,0
1,0.0333,0.0,0.0,0,0,0.0,0.0,0.0,1.0,12.0,0,0,0
2,0.0667,0.0,0.0,0,0,0.0,0.0,0.0,1.0,12.0,0,0,0
3,0.1,0.0,0.0,0,0,0.0,0.0,0.0,1.0,12.0,0,0,0
4,0.1333,0.0,0.0,0,0,0.0,0.0,0.0,1.0,12.0,0,0,0
5,0.1667,0.00926,0.04167,1,0,0.00012,1.0,8.402,1.0,12.0,0,0,0
6,0.2,0.0,0.0,0,0,0.0,0.0,0.0,1.0,12.0,0,0,0
7,0.2333,0.0,0.0,0,0,0.0,0.0,0.0,1.0,12.0,0,0,0
8,0.2667,0.0,0.0,0,0,0.0,0.0,0.0,1.0,12.0,0,0,0
9,0.3,0.0,0.0,0,0,0.0,0.0,0.0,1.0,12.0,0,0,0
10,0.3333,0.0,0.0,0,0,8e-05,0.0,0.0,1.0,12.0,0,0,0
11,0.3667,0.0,0.0,0,0,8e-05,0.0,0.0,1.0,12.0,0,0,0
12,0.4,0.0,0.0,0,0,0.0,0.0,0.0,0.077,12.0,0,0,0
13,0.4333,0.0,0.0,0,0,0.0,0.0,0.0,0.059,12.0,0,0,0
14,0.4667,0.0,0.0,0,0,0.0,0.0,0.0,0.059,12.0,0,0,0
15,0.5,0.0,0.0,0,0,0.0,0.0,0.0,0.076,12.0,0,0,0
16,0.5333,0.0,0.0,0,0,0.0,0.0,0.0,0.079,12.0,0,0,0
17,0.5667,0.0,0.0,0,0,0.00062,0.0,0.0,0.096,12.0,0,0,0
18,0.6,0.0,0.0,0,0,0.00086,0.0,0.0,0.105,12.0,0,0,0
19,0.6333,0.0,0.0,0,0,0.00058,0.0,0.0,0.104,12.0,0,0,0
20,0.6667,0.0,0.0,0,0,0.00023,0.0,0.0,0.103,12.0,0,0,0
21,0.7,0.0,0.0,0,0,0.0,0.0,0.0,0.106,12.0,0,0,0
22,0.7333,0.0,0.0,0,0,0.0,0.0,0.0,0.123,12.0,0,0,0
23,0.7667,0.0,0.0,0,0,0.0,0.0,0.0,0.132,12.0,0,0,0
24,0.8,0.0,0.0,0,0,0.0,0.0,0.0,0.204,12.0,0,0,0
25,0.8333,0.0,0.0,0,0,0.00043,0.0,0.0,0.169,12.0,0,0,0
26,0.8667,0.0,0.0,0,0,0.00238,0.0,0.0,0.17,12.0,0,0,0
27,0.9,0.0,0.0,0,0,0.00093,0.0,0.0,0.174,12.0,0,0,0
28,0.9333,0.0,0.0,0,0,0.0,0.0,0.0,0.173,12.0,0,0,0
29,0.9667,0.0,0.0,0,0,0.0,0.0,0.0,0.174,12.0,0,0,0
30,1.0,0.0,0.0,0,0,0.0,0.0,0.0,0.173,12.0,0,0,0
31,1.0333,0.0,0.0,0,0,0.0,0.0,0.0,0.172,12.0,0,0,0
32,1.0667,0.0,0.0,0,0,0.0,0.0,0.0,0.18,12.0,0,0,0
33,1.1,0.0,0.0,0,0,0.0,0.0,0.0,0.193,12.0,0,0,0
34,1.1333,0.0,0.0,0,0,0.00066,0.0,0.0,0.194,12.0,0,0,0
35,1.1667,0.0,0.0,0,0,0.0,0.0,0.0,0.21,12.0,0,0,0
36,1.2,0.0,0.0,0,0,0.0,0.0,0.0,0.384,12.0,0,0,0
37,1.2333,0.0,0.0,0,0,0.0,0.0,0.0,0.313,12.0,0,0,0
38,1.2667,0.0,0.0,0,0,0.0,0.0,0.0,0.286,12.0,0,0,0
39,1.3,0.0,0.0,0,0,0.0,0.0,0.0,0.29,12.0,0,0,0
40,1.3333,0.0,0.0,0,0,0.0,0.0,0.0,0.294,12.0,0,0,0
41,1.3667,0.0,0.0,0,0,0.0,0.0,0.0,0.284,12.0,0,0,0
42,1.4,0.0,0.0,0,0,0.00058,0.0,0.0,0.288,12.0,0,0,0
43,1.4333,0.0,0.0,0,0,0.0,0.0,0.0,0.301,12.0,0,0,0
44,1.4667,0.0,0.0,0,0,0.0,0.0,0.0,0.303,12.0,0,0,0
45,1.5,0.0,0.0,0,0,0.0,0.0,0.0,0.304,12.0,0,0,0
46,1.5333,0.0,0.0,0,0,0.0,0.0,0.0,0.291,12.0,0,0,0
47,1.5667,0.0,0.0,0,0,0.0,0.0,0.0,0.295,12.0,0,0,0
48,1.6,0.0,0.0,0,0,0.0,0.0,0.0,0.471,12.0,0,0,0
49,1.6333,0.0,0.0,0,0,0.0,0.0,0.0,0.417,12.0,0,0,0
50,1.6667,0.0,0.0,0,0,0.0,0.0,0.0,0.413,12.0,0,0,0
51,1.7,0.0,0.0,0,0,0.0,0.0,0.0,0.42,12.0,0,0,0
52,1.7333,0.0,0.0,0,0,0.0,0.0,0.0,0.376,12.0,0,0,0
53,1.7667,0.0,0.0,0,0,0.0,0.0,0.0,0.376,12.0,0,0,0
54,1.8,0.0,0.0,0,0,0.0,0.0,0.0,0.348,12.0,0,0,0
55,1.8333,0.0,0.0,0,0,0.0,0.0,0.0,0.336,12.0,0,0,0
56,1.8667,0.0,0.0,0,0,0.0,0.0,0.0,0.334,12.0,0,0,0
57,1.9,0.0,0.0,0,0,0.0,0.0,0.0,0.343,12.0,0,0,0
58,1.9333,0.0,0.0,0,0,0.0,0.0,0.0,0.357,12.0,0,0,0
59,1.9667,0.0,0.0,0,0,0.0,0.0,0.0,0.366,12.0,0,0,0
60,2.0,0.00926,0.04167,1,0,0.00019,1.0,8.669,0.504,12.0,0,0,0
61,2.0333,0.00926,0.04167,1,0,0.0,1.0,8.671,0.454,12.0,0,0,0
62,2.0667,0.0,0.0,0,0,0.0,0.0,0.0,0.429,12.0,0,0,0
63,2.1,0.0,0.0,0,0,0.0,0.0,0.0,0.412,12.0,0,0,0
64,2.1333,0.0,0.0,0,0,0.0,0.0,0.0,0.406,12.0,0,0,0
65,2.1667,0.0,0.0,0,0,0.0,0.0,0.0,0.405,12.0,0,0,0
66,2.2,0.00926,0.04167,1,0,0.00012,1.0,8.801,0.401,12.0,0,0,0
67,2.2333,0.00926,0.04167,1,0,0.0,1.0,8.758,0.41,12.0,0,0,0
68,2.2667,0.01852,0.08333,1,0,0.00113,3.0,11.858,0.405,12.0,0,0,0
69,2.3,0.0,0.0,0,0,0.0,0.0,0.0,0.404,12.0,0,0,0
70,2.3333,0.0,0.0,0,0,0.0,0.0,0.0,0.4,12.0,0,0,0
71,2.3667,0.0,0.0,0,0,0.0,0.0,0.0,0.396,12.0,0,0,0
72,2.4,0.0,0.0,0,0,0.0,0.0,0.0,0.473,12.0,0,0,0
73,2.4333,0.0,0.0,0,0,0.0,0.0,0.0,0.456,12.0,0,0,0
74,2.4667,0.01389,0.0625,1,0,0.00058,3.0,12.207,0.444,12.0,0,0,0
75,2.5,0.01852,0.08333,1,0,0.00078,4.0,12.15,0.437,12.0,0,0,0
76,2.5333,0.01389,0.0625,1,0,0.0009,3.0,12.246,0.436,12.0,0,0,0
77,2.5667,0.0,0.0,0,0,0.0,0.0,0.0,0.419,12.0,0,0,0
78,2.6,0.0,0.0,0,0,0.0,0.0,0.0,0.413,12.0,0,0,0
79,2.6333,0.0,0.0,0,0,0.0,0.0,0.0,0.402,12.0,0,0,0
80,2.6667,0.0,0.0,0,0,0.00012,0.0,0.0,0.4,12.0,0,0,0
81,2.7,0.0,0.0,0,0,0.00113,0.0,0.0,0.401,12.0,0,0,0
82,2.7333,0.0,0.0,0,0,0.00148,0.0,0.0,0.401,12.0,0,0,0
83,2.7667,0.0,0.0,0,0,0.00132,0.0,0.0,0.391,12.0,0,0,0
84,2.8,0.0,0.0,0,0,0.00062,0.0,0.0,0.461,12.0,0,0,0
85,2.8333,0.0,0.0,0,0,0.0,0.0,0.0,0.434,12.0,0,0,0
86,2.8667,0.0,0.0,0,0,0.0,0.0,0.0,0.394,12.0,0,0,0
87,2.9,0.00926,0.04167,1,0,0.00066,1.0,12.359,0.383,12.0,0,0,0
88,2.9333,0.00926,0.04167,1,0,0.00199,1.0,12.131,0.379,12.0,0,0,0
89,2.9667,0.0,0.0,0,0,0.00199,0.0,0.0,0.376,12.0,0,0,0
90,3.0,0.89815,0.54167,1,0,0.00475,2.0,14.843,0.41,12.0,0,0,0
91,3.0333,0.89815,0.54167,1,0,0.00366,2.0,15.096,0.44,12.0,0,0,0
92,3.0667,0.89815,0.54167,1,0,0.00358,2.0,15.045,0.446,12.0,0,0,0
93,3.1,0.89815,0.54167,1,0,0.00354,2.0,15.013,0.446,12.0,0,0,0
94,3.1333,0.00926,0.04167,1,0,0.00506,1.0,10.455,0.441,12.0,0,0,0
95,3.1667,0.0,0.0,0,0,0.00744,0.0,0.0,0.442,12.0,0,0,0
96,3.2,0.01389,0.0625,1,0,0.00643,1.0,11.981,0.443,12.0,0,0,0
97,3.2333,0.0,0.0,0,0,0.00627,0.0,0.0,0.417,12.0,0,0,0
98,3.2667,0.89815,0.54167,1,0,0.00397,4.0,14.631,0.421,12.0,0,0,0
99,3.3,0.89815,0.54167,1,0,0.00405,4.0,14.672,0.419,12.0,0,0,0
100,3.3333,0.89815,0.54167,1,0,0.00386,3.0,14.661,0.421,12.0,0,0,0
101,3.3667,0.0,0.0,0,0,0.00787,0.0,0.0,0.432,12.0,0,0,0
102,3.4,0.0,0.0,0,0,0.00911,0.0,0.0,0.414,12.0,0,0,0
103,3.4333,0.0,0.0,0,0,0.00892,0.0,0.0,0.401,12.0,0,0,0
104,3.4667,0.01852,0.08333,1,0,0.00631,1.0,12.244,0.39,12.0,0,0,0
105,3.5,0.89815,0.54167,1,0,0.00498,4.0,13.864,0.399,12.0,0,0,0
106,3.5333,0.89352,0.52083,1,0,0.00413,4.0,14.065,0.423,12.0,0,0,0
107,3.5667,0.01389,0.0625,1,0,0.00658,1.0,11.417,0.437,12.0,0,0,0
108,3.6,0.0,0.0,0,0,0.00806,0.0,0.0,0.519,12.0,0,0,0
109,3.6333,0.0,0.0,0,0,0.00935,0.0,0.0,0.455,12.0,0,0,0
110,3.6667,0.01852,0.08333,1,0,0.00771,1.0,12.812,0.42,12.0,0,0,0
111,3.7,0.01852,0.08333,1,0,0.00596,2.0,12.469,0.41,12.0,0,0,0
112,3.7333,0.01389,0.0625,1,0,0.00413,1.0,11.846,0.393,12.0,0,0,0
113,3.7667,0.01852,0.08333,1,0,0.0044,2.0,11.898,0.395,12.0,0,0,0
114,3.8,0.01852,0.08333,1,0,0.00611,1.0,12.71,0.412,12.0,0,0,0
115,3.8333,0.0,0.0,0,0,0.00771,0.0,0.0,0.439,12.0,0,0,0
116,3.8667,0.0,0.0,0,0,0.0079,0.0,0.0,0.436,12.0,0,0,0
117,3.9,0.0,0.0,0,0,0.00717,0.0,0.0,0.417,12.0,0,0,0
118,3.9333,0.89352,0.52083,1,0,0.00354,2.0,14.337,0.406,12.0,0,0,0
119,3.9667,0.89352,0.52083,1,0,0.00288,2.0,13.593,0.396,12.0,0,0,0
120,4.0,0.89352,0.52083,1,0,0.0028,2.0,13.693,0.411,12.0,0,0,0
121,4.0333,0.88889,0.5,1,0,0.00382,1.0,14.124,0.392,12.0,0,0,0
122,4.0667,0.88889,0.5,1,0,0.00561,3.0,14.01,0.398,12.0,0,0,0
123,4.1,0.0,0.0,0,0,0.00876,0.0,0.0,0.413,12.0,0,0,0
124,4.1333,0.89352,0.52083,1,0,0.00736,3.0,14.326,0.404,12.0,0,0,0
125,4.1667,0.89815,0.54167,1,0,0.00522,3.0,14.465,0.418,12.0,0,0,0
126,4.2,0.88889,0.5,1,0,0.00382,3.0,13.95,0.402,12.0,0,0,0
127,4.2333,0.88889,0.5,1,0,0.00424,3.0,13.105,0.405,12.0,0,0,0
128,4.2667,0.88889,0.5,1,0,0.00604,1.0,13.192,0.397,12.0,0,0,0
129,4.3,0.88889,0.5,1,0,0.00837,1.0,13.079,0.393,12.0,0,0,0
130,4.3333,0.88889,0.5,1,0,0.00946,1.0,13.417,0.393,12.0,0,0,0
131,4.3667,0.88889,0.5,1,0,0.00954,1.0,14.243,0.403,12.0,0,0,0
132,4.4,0.88889,0.5,1,0,0.0079,1.0,14.287,0.479,12.0,0,0,0
133,4.4333,0.89352,0.52083,1,0,0.006,1.0,14.326,0.459,12.0,0,0,0
134,4.4667,0.02315,0.10417,1,0,0.00518,1.0,12.275,0.45,12.0,0,0,0
135,4.5,0.0,0.0,0,0,0.00845,0.0,0.0,0.432,12.0,0,0,0
136,4.5333,0.0,0.0,0,0,0.00892,0.0,0.0,0.415,12.0,0,0,0
137,4.5667,0.0,0.0,0,0,0.01172,0.0,0.0,0.401,12.0,0,0,0
138,4.6,0.0,0.0,0,0,0.00841,0.0,0.0,0.384,12.0,0,0,0
139,4.6333,0.88889,0.5,1,0,0.00526,2.0,13.826,0.383,12.0,0,0,0
140,4.6667,0.89352,0.52083,1,0,0.00378,4.0,13.935,0.391,12.0,0,0,0
141,4.7,0.89352,0.52083,1,0,0.00401,3.0,14.04,0.39,12.0,0,0,0
142,4.7333,0.89352,0.52083,1,0,0.00549,3.0,13.621,0.39,12.0,0,0,0
143,4.7667,0.0,0.0,0,0,0.0079,0.0,0.0,0.391,12.0,0,0,0
144,4.8,0.0,0.0,0,0,0.0088,0.0,0.0,0.432,12.0,0,0,0
145,4.8333,0.0,0.0,0,0,0.00822,0.0,0.0,0.389,12.0,0,0,0
146,4.8667,0.0,0.0,0,0,0.00495,0.0,0.0,0.381,12.0,0,0,0
147,4.9,0.87963,0.45833,1,0,0.00276,1.0,12.777,0.37,12.0,0,0,0
148,4.9333,0.87963,0.45833,1,0,0.00319,2.0,13.633,0.386,12.0,0,0,0
149,4.9667,0.02315,0.10417,1,0,0.00292,2.0,12.007,0.379,12.0,0,0,0
150,5.0,0.01852,0.08333,1,0,0.00483,1.0,12.111,0.379,12.0,0,0,0
151,5.0333,0.0,0.0,0,0,0.00693,0.0,0.0,0.378,12.0,0,0,0
152,5.0667,0.87963,0.45833,1,0,0.00366,3.0,12.633,0.374,12.0,0,0,0
153,5.1,0.875,0.45833,1,0,0.00421,4.0,12.437,0.375,12.0,0,0,0
154,5.1333,0.875,0.45833,1,0,0.00315,3.0,12.521,0.364,12.0,0,0,0
155,5.1667,0.87963,0.45833,1,0,0.0035,2.0,12.386,0.376,12.0,0,0,0
156,5.2,0.80556,0.4375,1,0,0.00206,7.0,12.167,0.415,12.0,0,0,0
157,5.2333,0.8287,0.47917,1,0,0.00639,4.0,12.267,0.401,12.0,0,0,0
158,5.2667,0.61111,0.10417,1,0,0.00689,4.0,12.572,0.4,12.0,0,0,0
159,5.3,0.02778,0.125,1,0,0.00709,1.0,12.719,0.406,12.0,0,0,0
160,5.3333,0.87963,0.45833,1,0,0.00627,3.0,12.437,0.392,12.0,0,0,0
161,5.3667,0.88426,0.47917,1,0,0.00312,3.0,12.396,0.385,12.0,0,0,0
162,5.4,0.87037,0.41667,1,0,0.00234,3.0,12.689,0.38,12.0,0,0,0
163,5.4333,0.02315,0.10417,1,0,0.00331,1.0,11.591,0.376,12.0,0,0,0
164,5.4667,0.09259,0.0,1,0,0.00491,1.0,12.715,0.385,12.0,0,0,0
165,5.5,0.09259,0.0,1,0,0.00888,1.0,12.75,0.383,12.0,0,0,0
166,5.5333,0.0,0.0,0,0,0.00907,0.0,0.0,0.386,12.0,0,0,0
167,5.5667,0.02315,0.10417,1,0,0.00557,1.0,12.32,0.381,12.0,0,0,0
168,5.6,0.01852,0.08333,1,0,0.00604,1.0,12.206,0.42,12.0,0,0,0
169,5.6333,0.88426,0.47917,1,0,0.00561,2.0,13.035,0.385,12.0,0,0,0
170,5.6667,0.88426,0.47917,1,0,0.00724,3.0,12.383,0.377,12.0,0,0,0
171,5.7,0.78704,0.04167,1,0,0.0079,1.0,12.773,0.377,12.0,0,0,0
172,5.7333,0.78241,0.04167,1,0,0.00658,3.0,12.687,0.371,12.0,0,0,0
173,5.7667,0.79167,0.0625,1,0,0.00744,2.0,12.761,0.372,12.0,0,0,0
174,5.8,0.87963,0.45833,1,0,0.00728,4.0,12.295,0.37,12.0,0,0,0
175,5.8333,0.88426,0.47917,1,0,0.00545,4.0,12.982,0.368,12.0,0,0,0
176,5.8667,0.88889,0.5,1,0,0.00611,4.0,13.571,0.377,12.0,0,0,0
177,5.9,0.88426,0.47917,1,0,0.00915,3.0,13.66,0.386,12.0,0,0,0
178,5.9333,0.87963,0.45833,1,0,0.01048,4.0,12.935,0.379,12.0,0,0,0
179,5.9667,0.03704,0.16667,1,0,0.01145,2.0,13.731,0.382,12.0,0,0,0
180,6.0,0.76389,0.39583,1,0,0.00697,4.0,12.447,0.423,12.0,0,0,0
181,6.0333,0.76852,0.39583,1,0,0.00553,4.0,12.386,0.381,12.0,0,0,0
182,6.0667,0.86111,0.45833,1,0,0.00424,3.0,13.038,0.386,12.0,0,0,0
183,6.1,0.87963,0.45833,1,0,0.0053,3.0,13.219,0.385,12.0,0,0,0
184,6.1333,0.01852,0.08333,1,0,0.00627,1.0,11.998,0.404,12.0,0,0,0
185,6.1667,0.02778,0.125,1,0,0.00888,1.0,12.366,0.412,12.0,0,0,0
186,6.2,0.03241,0.14583,1,0,0.01071,1.0,12.539,0.403,12.0,0,0,0
187,6.2333,0.02778,0.125,1,0,0.00806,1.0,12.311,0.395,12.0,0,0,0
188,6.2667,0.02315,0.10417,1,0,0.00569,2.0,11.93,0.389,12.0,0,0,0
189,6.3,0.02315,0.10417,1,0,0.00674,2.0,11.934,0.385,12.0,0,0,0
190,6.3333,0.88426,0.47917,1,0,0.00483,3.0,13.009,0.382,12.0,0,0,0
191,6.3667,0.03241,0.14583,1,0,0.00787,2.0,11.998,0.385,12.0,0,0,0
192,6.4,0.04167,0.1875,1,0,0.01063,2.0,12.585,0.464,12.0,0,0,0
193,6.4333,0.04167,0.1875,1,0,0.01285,1.0,13.081,0.431,12.0,0,0,0
194,6.4667,0.02778,0.125,1,0,0.01071,1.0,12.577,0.431,12.0,0,0,0
195,6.5,0.02315,0.10417,1,0,0.00892,1.0,12.675,0.401,12.0,0,0,0
196,6.5333,0.87963,0.45833,1,0,0.00572,3.0,13.899,0.396,12.0,0,0,0
197,6.5667,0.87963,0.45833,1,0,0.00545,3.0,13.871,0.398,12.0,0,0,0
198,6.6,0.01852,0.08333,1,0,0.0079,1.0,12.762,0.401,12.0,0,0,0
199,6.6333,0.02778,0.125,1,0,0.01032,1.0,12.566,0.416,12.0,0,0,0
200,6.6667,0.02778,0.125,1,0,0.01305,1.0,12.981,0.429,12.0,0,0,0
201,6.7,0.02778,0.125,1,0,0.01164,1.0,12.457,0.442,12.0,0,0,0
202,6.7333,0.02778,0.125,1,0,0.0088,1.0,12.495,0.441,12.0,0,0,0
203,6.7667,0.02315,0.10417,1,0,0.0058,1.0,12.478,0.419,12.0,0,0,0
204,6.8,0.88889,0.5,1,0,0.00689,3.0,14.139,0.425,12.0,0,0,0
205,6.8333,0.88426,0.47917,1,0,0.00802,3.0,14.067,0.418,12.0,0,0,0
206,6.8667,0.02315,0.10417,1,0,0.00892,1.0,12.503,0.412,12.0,0,0,0
207,6.9,0.02778,0.125,1,0,0.00981,1.0,12.603,0.412,12.0,0,0,0
208,6.9333,0.02778,0.125,1,0,0.01121,1.0,12.452,0.439,12.0,0,0,0
209,6.9667,0.02315,0.10417,1,0,0.01059,1.0,11.699,0.446,12.0,0,0,0
210,7.0,0.0,0.0,0,0,0.0072,0.0,0.0,0.44,12.0,0,0,0
211,7.0333,0.88426,0.47917,1,0,0.00584,2.0,14.516,0.425,12.0,0,0,0
212,7.0667,0.01852,0.08333,1,0,0.00705,2.0,11.719,0.43,12.0,0,0,0
213,7.1,0.02315,0.10417,1,0,0.00962,1.0,12.575,0.44,12.0,0,0,0
214,7.1333,0.02315,0.10417,1,0,0.00892,1.0,12.571,0.444,12.0,0,0,0
215,7.1667,0.01852,0.08333,1,0,0.00845,1.0,11.968,0.459,12.0,0,0,0
216,7.2,0.88426,0.47917,1,0,0.00635,3.0,14.719,0.565,12.0,0,0,0
217,7.2333,0.88426,0.47917,1,0,0.0065,3.0,14.924,0.534,12.0,0,0,0
218,7.2667,0.87963,0.45833,1,0,0.00561,2.0,15.015,0.562,12.0,0,0,0
219,7.3,0.87963,0.45833,1,0,0.00678,3.0,14.938,0.534,12.0,0,0,0
220,7.3333,0.875,0.4375,1,0,0.00693,3.0,14.614,0.517,12.0,0,0,0
221,7.3667,0.875,0.4375,1,0,0.00763,3.0,14.677,0.499,12.0,0,0,0
222,7.4,0.875,0.4375,1,0,0.00938,3.0,14.814,0.508,12.0,0,0,0
223,7.4333,0.87963,0.45833,1,0,0.00771,3.0,15.039,0.496,12.0,0,0,0
224,7.4667,0.88426,0.47917,1,0,0.0053,1.0,15.176,0.532,12.0,0,0,0
225,7.5,0.88426,0.47917,1,0,0.0053,1.0,15.223,0.56,12.0,0,0,0
226,7.5333,0.88426,0.47917,1,0,0.00526,1.0,15.169,0.563,12.0,1,1,0
227,7.5667,0.88889,0.5,1,0,0.00611,4.0,14.995,0.574,12.0,1,0,0
228,7.6,0.02778,0.125,1,0,0.00919,1.0,12.514,0.602,12.0,1,0,0
229,7.6333,0.88426,0.47917,1,0,0.00736,4.0,14.576,0.514,12.0,1,0,0
230,7.6667,0.88426,0.47917,1,0,0.00678,3.0,14.693,0.513,12.0,1,0,0
231,7.7,0.88889,0.5,1,0,0.00631,1.0,14.89,0.537,12.0,1,0,0
232,7.7333,0.88889,0.5,1,0,0.00545,1.0,14.929,0.549,12.0,1,0,0
233,7.7667,0.88889,0.5,1,0,0.00643,1.0,14.96,0.565,12.0,1,0,0
234,7.8,0.88889,0.5,1,0,0.00802,2.0,14.833,0.576,12.0,1,0,0
235,7.8333,0.88889,0.5,1,0,0.00853,2.0,14.829,0.575,12.0,1,0,0
236,7.8667,0.88889,0.5,1,0,0.00604,1.0,14.9,0.565,12.0,1,0,0
237,7.9,0.89352,0.52083,1,0,0.00569,1.0,14.945,0.54,12.0,1,0,0
238,7.9333,0.88889,0.5,1,0,0.00487,1.0,14.934,0.511,12.0,1,0,0
239,7.9667,0.88889,0.5,1,0,0.00487,1.0,14.987,0.535,12.0,1,0,0
240,8.0,0.88889,0.5,1,0,0.00685,1.0,14.855,0.663,12.0,1,0,0
241,8.0333,0.88889,0.5,1,0,0.00907,1.0,14.808,0.704,12.0,1,0,0
242,8.0667,0.88889,0.5,1,0,0.00755,1.0,14.747,0.722,12.0,1,0,0
243,8.1,0.88889,0.5,1,0,0.00611,1.0,14.811,0.686,12.0,1,0,0
244,8.1333,0.88889,0.5,1,0,0.00545,1.0,14.889,0.658,12.0,1,0,0
245,8.1667,0.88889,0.5,1,0,0.00498,1.0,14.959,0.652,12.0,1,0,0
246,8.2,0.88889,0.5,1,0,0.00498,1.0,14.944,0.612,12.0,1,0,0
247,8.2333,0.88889,0.5,1,0,0.00553,1.0,14.987,0.634,12.0,1,0,0
248,8.2667,0.88426,0.47917,1,0,0.00627,1.0,14.976,0.666,12.0,1,0,0
249,8.3,0.88426,0.47917,1,0,0.00693,1.0,14.839,0.694,12.0,1,0,0
250,8.3333,0.88426,0.47917,1,0,0.00471,1.0,14.866,0.712,12.0,1,0,0
251,8.3667,0.88426,0.47917,1,0,0.00471,1.0,14.839,0.727,12.0,1,0,0
252,8.4,0.88426,0.47917,1,0,0.00487,1.0,14.882,0.677,12.0,1,0,0
253,8.4333,0.87963,0.45833,1,0,0.00491,1.0,15.163,0.664,12.0,1,0,0
254,8.4667,0.87963,0.45833,1,0,0.00467,1.0,15.07,0.676,12.0,1,0,0
255,8.5,0.87963,0.45833,1,0,0.00557,1.0,15.003,0.7,12.0,1,0,0
256,8.5333,0.87963,0.45833,1,0,0.00417,1.0,14.952,0.751,12.0,1,0,0
257,8.5667,0.88426,0.47917,1,0,0.00479,1.0,14.838,0.755,12.0,1,0,0
258,8.6,0.88426,0.47917,1,0,0.00358,1.0,14.844,0.757,12.0,1,0,0
259,8.6333,0.88889,0.5,1,0,0.00323,1.0,14.864,0.752,12.0,1,0,0
260,8.6667,0.88889,0.5,1,0,0.00343,1.0,14.863,0.709,12.0,1,0,0
261,8.7,0.88426,0.47917,1,0,0.00444,1.0,14.897,0.697,12.0,1,0,0
262,8.7333,0.87963,0.45833,1,0,0.00456,1.0,14.865,0.691,12.0,1,0,0
263,8.7667,0.88426,0.47917,1,0,0.00444,1.0,14.938,0.696,12.0,1,0,0
264,8.8,0.88426,0.47917,1,0,0.00456,1.0,14.468,0.826,12.0,1,0,0
265,8.8333,0.88426,0.47917,1,0,0.00409,1.0,14.483,0.826,12.0,1,0,0
266,8.8667,0.88426,0.47917,1,0,0.00354,1.0,14.453,0.839,12.0,1,0,0
267,8.9,0.88426,0.47917,1,0,0.00432,1.0,14.479,0.833,12.0,1,0,0
268,8.9333,0.88426,0.47917,1,0,0.00514,1.0,14.494,0.834,12.0,1,0,0
269,8.9667,0.88426,0.47917,1,0,0.00569,1.0,14.595,0.775,12.0,1,0,0
270,9.0,0.88426,0.47917,1,0,0.00537,1.0,14.616,0.76,12.0,1,0,0
271,9.0333,0.88426,0.47917,1,0,0.00502,1.0,14.559,0.761,12.0,1,0,0
272,9.0667,0.88426,0.47917,1,0,0.00343,1.0,14.532,0.782,12.0,1,0,0
273,9.1,0.88426,0.47917,1,0,0.00323,1.0,14.526,0.811,12.0,1,0,0
274,9.1333,0.88426,0.47917,1,0,0.00354,1.0,14.508,0.838,12.0,1,0,0
275,9.1667,0.88426,0.47917,1,0,0.00421,1.0,14.54,0.845,12.0,1,0,0
276,9.2,0.88889,0.5,1,0,0.00397,1.0,14.654,0.829,12.0,1,0,0
277,9.2333,0.88889,0.5,1,0,0.00452,1.0,14.655,0.831,12.0,1,0,0
278,9.2667,0.88889,0.5,1,0,0.0035,1.0,14.639,0.84,12.0,1,0,0
279,9.3,0.89352,0.52083,1,0,0.00288,1.0,14.664,0.844,12.0,1,0,0
280,9.3333,0.89352,0.52083,1,0,0.00245,1.0,14.676,0.864,12.0,1,0,0
281,9.3667,0.89352,0.52083,1,0,0.00269,1.0,14.733,0.888,12.0,1,0,0
282,9.4,0.89352,0.52083,1,0,0.00265,1.0,14.7,0.892,12.0,1,0,0
283,9.4333,0.89352,0.52083,1,0,0.00273,1.0,14.727,0.91,12.0,1,0,0
284,9.4667,0.88889,0.5,1,0,0.00265,1.0,14.652,0.908,12.0,1,0,0
285,9.5,0.89352,0.52083,1,0,0.00284,1.0,14.772,0.907,12.0,1,0,0
286,9.5333,0.89352,0.52083,1,0,0.00269,1.0,14.726,0.903,12.0,1,0,0
287,9.5667,0.89352,0.52083,1,0,0.00273,1.0,14.815,0.921,12.0,1,0,0
288,9.6,0.89352,0.52083,1,0,0.0037,1.0,14.615,0.996,12.0,1,0,0
289,9.6333,0.89352,0.52083,1,0,0.00452,1.0,14.629,1.002,12.0,1,0,0
290,9.6667,0.89352,0.52083,1,0,0.00448,1.0,14.617,1.011,12.0,1,0,0
291,9.7,0.89352,0.52083,1,0,0.00413,1.0,14.787,1.005,12.0,1,0,0
292,9.7333,0.88889,0.5,1,0,0.00358,1.0,14.724,1.004,12.0,1,0,0
293,9.7667,0.875,0.4375,1,0,0.00312,1.0,14.74,0.978,12.0,1,0,0
294,9.8,0.875,0.4375,1,0,0.00304,1.0,14.687,0.956,12.0,1,0,0
295,9.8333,0.875,0.4375,1,0,0.00343,1.0,14.767,0.962,12.0,1,0,0
296,9.8667,0.88889,0.5,1,0,0.00308,1.0,14.74,0.975,12.0,1,0,0
297,9.9,0.88889,0.5,1,0,0.00327,1.0,14.754,0.994,12.0,1,0,0
298,9.9333,0.89352,0.52083,1,0,0.00343,1.0,14.645,1.021,12.0,1,0,0
299,9.9667,0.89352,0.52083,1,0,0.00362,1.0,14.603,1.04,12.0,1,0,0
300,10.0,0.89352,0.52083,1,0,0.00366,1.0,14.675,1.01,12.0,1,0,0
301,10.0333,0.89352,0.52083,1,0,0.00374,1.0,14.745,0.992,12.0,1,0,0
302,10.0667,0.89352,0.52083,1,0,0.00339,1.0,14.654,0.995,12.0,1,0,0
303,10.1,0.89352,0.52083,1,0,0.00323,1.0,14.666,1.024,12.0,1,0,0
304,10.1333,0.88426,0.47917,1,0,0.00288,1.0,14.639,1.037,12.0,1,0,0
305,10.1667,0.88426,0.47917,1,0,0.00296,1.0,14.527,1.052,12.0,1,0,0
306,10.2,0.88426,0.47917,1,0,0.00292,1.0,14.489,1.064,12.0,1,0,0
307,10.2333,0.88889,0.5,1,0,0.00261,1.0,14.483,1.058,12.0,1,0,0
308,10.2667,0.88889,0.5,1,0,0.00245,1.0,14.447,1.058,12.0,1,0,0
309,10.3,0.88426,0.47917,1,0,0.00241,1.0,14.496,1.071,12.0,1,0,0
310,10.3333,0.88889,0.5,1,0,0.00245,1.0,14.431,1.072,12.0,1,0,0
311,10.3667,0.88426,0.47917,1,0,0.00257,1.0,14.451,1.068,12.0,1,0,0
312,10.4,0.89352,0.52083,1,0,0.0028,1.0,14.294,1.1,12.0,1,0,0
313,10.4333,0.89352,0.52083,1,0,0.00304,1.0,14.293,1.09,12.0,1,0,0
314,10.4667,0.88889,0.5,1,0,0.00257,1.0,14.26,1.089,12.0,1,0,0
315,10.5,0.88426,0.47917,1,0,0.00245,1.0,14.302,1.087,12.0,1,0,0
316,10.5333,0.88426,0.47917,1,0,0.00245,1.0,14.269,1.094,12.0,1,0,0
317,10.5667,0.89815,0.54167,1,0,0.00257,1.0,14.278,1.089,12.0,1,0,0
318,10.6,0.89815,0.54167,1,0,0.00257,1.0,14.366,1.076,12.0,1,0,0
319,10.6333,0.89352,0.52083,1,0,0.00257,1.0,14.408,1.068,12.0,1,0,0
320,10.6667,0.89352,0.52083,1,0,0.00234,1.0,14.326,1.071,12.0,1,0,0
321,10.7,0.88426,0.47917,1,0,0.00245,1.0,14.389,1.083,12.0,1,0,0
322,10.7333,0.89352,0.52083,1,0,0.00234,1.0,14.374,1.088,12.0,1,0,0
323,10.7667,0.88426,0.47917,1,0,0.00234,1.0,14.417,1.096,12.0,1,0,0
324,10.8,0.89352,0.52083,1,0,0.00253,1.0,14.206,1.181,12.0,1,0,0
325,10.8333,0.88889,0.5,1,0,0.00265,1.0,14.315,1.139,12.0,1,0,0
326,10.8667,0.88889,0.5,1,0,0.00261,1.0,14.141,1.123,12.0,1,0,0
327,10.9,0.89352,0.52083,1,0,0.00245,1.0,14.172,1.104,12.0,1,0,0
328,10.9333,0.89352,0.52083,1,0,0.00257,1.0,14.139,1.102,12.0,1,0,0
329,10.9667,0.89815,0.54167,1,0,0.00249,1.0,14.175,1.108,12.0,1,0,0
330,11.0,0.89815,0.54167,1,0,0.00249,1.0,14.181,1.111,12.0,1,0,0
331,11.0333,0.88889,0.5,1,0,0.00234,1.0,14.169,1.103,12.0,1,0,0
332,11.0667,0.89815,0.54167,1,0,0.00234,1.0,14.245,1.105,12.0,1,0,0
333,11.1,0.89815,0.54167,1,0,0.00234,1.0,14.281,1.098,12.0,1,0,0
334,11.1333,0.88889,0.5,1,0,0.00265,1.0,14.297,1.096,12.0,1,0,0
335,11.1667,0.88426,0.47917,1,0,0.00234,1.0,14.255,1.081,12.0,1,0,0
336,11.2,0.87963,0.45833,1,0,0.00315,1.0,14.448,1.127,12.0,1,0,0
337,11.2333,0.87963,0.45833,1,0,0.00288,1.0,14.393,1.1,12.0,1,0,0
338,11.2667,0.875,0.4375,1,0,0.00265,1.0,14.241,1.126,12.0,1,0,0
339,11.3,0.88426,0.47917,1,0,0.00362,1.0,14.276,1.132,12.0,1,0,0
340,11.3333,0.88426,0.47917,1,0,0.00323,1.0,14.2,1.139,12.0,1,0,0
341,11.3667,0.875,0.4375,1,0,0.00284,1.0,14.276,1.129,12.0,1,0,0
342,11.4,0.87037,0.41667,1,0,0.0028,1.0,14.321,1.146,12.0,1,0,0
343,11.4333,0.87037,0.41667,1,0,0.00234,1.0,14.417,1.125,12.0,1,0,0
344,11.4667,0.875,0.4375,1,0,0.00245,1.0,14.302,1.131,12.0,1,0,0
345,11.5,0.875,0.4375,1,0,0.00276,1.0,14.32,1.136,12.0,1,0,0
346,11.5333,0.88426,0.47917,1,0,0.0028,1.0,14.427,1.176,12.0,1,0,0
347,11.5667,0.88426,0.47917,1,0,0.00249,1.0,14.455,1.188,12.0,1,0,0
348,11.6,0.875,0.4375,1,0,0.00253,1.0,14.282,1.185,12.0,1,0,0
349,11.6333,0.88889,0.5,1,0,0.00257,1.0,14.231,1.202,12.0,1,0,0
350,11.6667,0.88889,0.5,1,0,0.00245,1.0,14.178,1.189,12.0,1,0,0
351,11.7,0.88889,0.5,1,0,0.00253,1.0,14.12,1.193,12.0,1,0,0
352,11.7333,0.88889,0.5,1,0,0.00241,1.0,14.109,1.176,12.0,1,0,0
353,11.7667,0.87037,0.41667,1,0,0.00269,1.0,14.278,1.177,12.0,1,0,0
354,11.8,0.87037,0.41667,1,0,0.00241,1.0,14.381,1.196,12.0,1,0,0
355,11.8333,0.875,0.4375,1,0,0.00253,1.0,14.395,1.196,12.0,1,0,0
356,11.8667,0.87963,0.45833,1,0,0.00234,1.0,14.287,1.201,12.0,1,0,0
357,11.9,0.87963,0.45833,1,0,0.00249,1.0,14.294,1.193,12.0,1,0,0
358,11.9333,0.87963,0.45833,1,0,0.00241,1.0,14.2,1.203,12.0,1,0,0
359,11.9667,0.875,0.4375,1,0,0.00234,1.0,14.24,1.203,12.0,1,0,0
360,12.0,0.89815,0.54167,1,0,0.00253,1.0,14.266,1.178,12.0,1,0,0
361,12.0333,0.89352,0.52083,1,0,0.00261,1.0,14.129,1.185,12.0,1,0,0
362,12.0667,0.89815,0.54167,1,0,0.00234,1.0,14.172,1.204,12.0,1,0,0
363,12.1,0.89352,0.52083,1,0,0.00234,1.0,14.238,1.227,12.0,1,0,0
364,12.1333,0.89815,0.54167,1,0,0.00241,1.0,14.003,1.214,12.0,1,0,0
365,12.1667,0.89352,0.52083,1,0,0.00241,1.0,13.977,1.167,12.0,1,0,0
366,12.2,0.89815,0.54167,1,0,0.00234,1.0,14.068,1.163,12.0,1,0,0
367,12.2333,0.89352,0.52083,1,0,0.00234,1.0,14.1,1.175,12.0,1,0,0
368,12.2667,0.88889,0.5,1,0,0.00245,1.0,14.068,1.165,12.0,1,0,0
369,12.3,0.88889,0.5,1,0,0.00234,1.0,14.123,1.149,12.0,1,0,0
370,12.3333,0.89352,0.52083,1,0,0.00245,1.0,14.221,1.194,12.0,1,0,0
371,12.3667,0.89352,0.52083,1,0,0.00234,1.0,14.188,1.174,12.0,1,0,0
372,12.4,0.88426,0.47917,1,0,0.00253,1.0,14.337,1.175,12.0,1,0,0
373,12.4333,0.88889,0.5,1,0,0.00234,1.0,14.229,1.197,12.0,1,0,0
374,12.4667,0.88889,0.5,1,0,0.00241,1.0,14.257,1.193,12.0,1,0,0
375,12.5,0.89815,0.54167,1,0,0.00265,1.0,14.342,1.176,12.0,1,0,0
376,12.5333,0.89815,0.54167,1,0,0.00265,1.0,14.312,1.176,12.0,1,0,0
377,12.5667,0.88889,0.5,1,0,0.00265,1.0,14.509,1.187,12.0,1,0,0
378,12.6,0.88889,0.5,1,0,0.00234,1.0,14.436,1.183,12.0,1,0,0
379,12.6333,0.88889,0.5,1,0,0.00234,1.0,14.476,1.206,12.0,1,0,0
380,12.6667,0.88889,0.5,1,0,0.00257,1.0,14.363,1.221,12.0,1,0,0
381,12.7,0.88426,0.47917,1,0,0.00245,1.0,14.41,1.211,12.0,1,0,0
382,12.7333,0.88426,0.47917,1,0,0.00245,1.0,14.536,1.21,12.0,1,0,0
383,12.7667,0.88889,0.5,1,0,0.00261,1.0,14.425,1.206,12.0,1,0,0
384,12.8,0.88889,0.5,1,0,0.00273,1.0,14.564,1.2,12.0,1,0,0
385,12.8333,0.88889,0.5,1,0,0.00288,1.0,14.453,1.192,12.0,1,0,0
386,12.8667,0.88889,0.5,1,0,0.00284,1.0,14.4,1.21,12.0,1,0,0
387,12.9,0.88426,0.47917,1,0,0.00265,1.0,14.386,1.195,12.0,1,0,0
388,12.9333,0.88426,0.47917,1,0,0.00253,1.0,14.456,1.204,12.0,1,0,0
389,12.9667,0.88426,0.47917,1,0,0.00257,1.0,14.373,1.211,12.0,1,0,0
390,13.0,0.88426,0.47917,1,0,0.00257,1.0,14.381,1.204,12.0,1,0,0
391,13.0333,0.88889,0.5,1,0,0.00234,1.0,14.408,1.219,12.0,1,0,0
392,13.0667,0.88889,0.5,1,0,0.00234,1.0,14.132,1.224,12.0,1,0,0
393,13.1,0.88889,0.5,1,0,0.00234,1.0,14.388,1.218,12.0,1,0,0
394,13.1333,0.88426,0.47917,1,0,0.00234,1.0,14.375,1.236,12.0,1,0,0
395,13.1667,0.88426,0.47917,1,0,0.00234,1.0,14.343,1.236,12.0,1,0,0
396,13.2,0.88426,0.47917,1,0,0.00261,1.0,14.147,1.269,12.0,1,0,0
397,13.2333,0.88426,0.47917,1,0,0.00308,1.0,14.612,1.209,12.0,1,0,0
398,13.2667,0.87037,0.41667,1,0,0.00245,1.0,14.601,1.183,12.0,1,0,0
399,13.3,0.87037,0.41667,1,0,0.00273,1.0,14.606,1.175,12.0,1,0,0
400,13.3333,0.89352,0.52083,1,0,0.00253,1.0,14.548,1.158,12.0,1,0,0
401,13.3667,0.89352,0.52083,1,0,0.00319,1.0,14.534,1.142,12.0,1,0,0
402,13.4,0.88889,0.5,1,0,0.00276,1.0,14.408,1.153,12.0,1,0,0
403,13.4333,0.88889,0.5,1,0,0.00276,1.0,14.483,1.192,12.0,1,0,0
404,13.4667,0.88889,0.5,1,0,0.00269,1.0,14.352,1.199,12.0,1,0,0
405,13.5,0.88889,0.5,1,0,0.00261,1.0,14.362,1.193,12.0,1,0,0
406,13.5333,0.89352,0.52083,1,0,0.00253,1.0,14.309,1.191,12.0,1,0,0
407,13.5667,0.89352,0.52083,1,0,0.00261,1.0,14.359,1.163,12.0,1,0,0
408,13.6,0.87963,0.45833,1,0,0.00319,1.0,14.351,1.195,12.0,1,0,0
409,13.6333,0.875,0.4375,1,0,0.00276,1.0,14.211,1.202,12.0,1,0,0
410,13.6667,0.875,0.4375,1,0,0.00265,1.0,14.265,1.219,12.0,1,0,0
411,13.7,0.87963,0.45833,1,0,0.00292,1.0,14.241,1.229,12.0,1,0,0
412,13.7333,0.88426,0.47917,1,0,0.00234,1.0,14.191,1.229,12.0,1,0,0
413,13.7667,0.88426,0.47917,1,0,0.00276,1.0,14.319,1.216,12.0,1,0,0
414,13.8,0.87963,0.45833,1,0,0.00234,1.0,14.293,1.219,12.0,1,0,0
415,13.8333,0.875,0.4375,1,0,0.00265,1.0,14.051,1.207,12.0,1,0,0
416,13.8667,0.87037,0.41667,1,0,0.00234,1.0,14.059,1.193,12.0,1,0,0
417,13.9,0.89352,0.52083,1,0,0.00276,1.0,14.025,1.198,12.0,1,0,0
418,13.9333,0.89815,0.54167,1,0,0.00234,1.0,14.208,1.196,12.0,1,0,0
419,13.9667,0.88426,0.47917,1,0,0.00234,1.0,14.041,1.206,12.0,1,0,0
420,14.0,0.89352,0.52083,1,0,0.00292,1.0,14.199,1.224,12.0,1,0,0
421,14.0333,0.88889,0.5,1,0,0.00292,1.0,14.148,1.201,12.0,1,0,0
422,14.0667,0.89352,0.52083,1,0,0.00261,1.0,14.019,1.186,12.0,1,0,0
423,14.1,0.89352,0.52083,1,0,0.00339,1.0,14.008,1.155,12.0,1,0,0
424,14.1333,0.89352,0.52083,1,0,0.00331,1.0,14.087,1.158,12.0,1,0,0
425,14.1667,0.89352,0.52083,1,0,0.00331,1.0,14.078,1.156,12.0,1,0,0
426,14.2,0.89352,0.52083,1,0,0.00296,1.0,14.098,1.142,12.0,1,0,0
427,14.2333,0.89352,0.52083,1,0,0.00288,1.0,14.064,1.145,12.0,1,0,0
428,14.2667,0.89352,0.52083,1,0,0.00257,1.0,14.071,1.146,12.0,1,0,0
429,14.3,0.89352,0.52083,1,0,0.00245,1.0,14.161,1.156,12.0,1,0,0
430,14.3333,0.88889,0.5,1,0,0.00308,1.0,14.096,1.15,12.0,1,0,0
431,14.3667,0.88889,0.5,1,0,0.00315,1.0,14.129,1.153,12.0,1,0,0
432,14.4,0.87963,0.45833,1,0,0.0051,1.0,14.167,1.104,12.0,1,0,0
433,14.4333,0.87963,0.45833,1,0,0.00467,1.0,14.072,1.138,12.0,1,0,0
434,14.4667,0.87963,0.45833,1,0,0.00366,1.0,14.104,1.134,12.0,1,0,0
435,14.5,0.87963,0.45833,1,0,0.00354,1.0,14.108,1.123,12.0,1,0,0
436,14.5333,0.88426,0.47917,1,0,0.00366,1.0,14.044,1.158,12.0,1,0,0
437,14.5667,0.88889,0.5,1,0,0.00424,1.0,14.079,1.151,12.0,1,0,0
438,14.6,0.88889,0.5,1,0,0.00378,1.0,13.971,1.172,12.0,1,0,0
439,14.6333,0.89352,0.52083,1,0,0.00393,1.0,14.024,1.157,12.0,1,0,0
440,14.6667,0.89352,0.52083,1,0,0.00424,1.0,14.042,1.149,12.0,1,0,0
441,14.7,0.89352,0.52083,1,0,0.00436,1.0,14.02,1.156,12.0,1,0,0
442,14.7333,0.88889,0.5,1,0,0.00424,1.0,14.04,1.159,12.0,1,0,0
443,14.7667,0.88426,0.47917,1,0,0.00596,1.0,14.051,1.176,12.0,1,0,0
444,14.8,0.89352,0.52083,1,0,0.00526,1.0,14.424,1.204,12.0,1,0,0
445,14.8333,0.88889,0.5,1,0,0.00549,1.0,14.38,1.203,12.0,1,0,0
446,14.8667,0.88426,0.47917,1,0,0.00498,1.0,14.428,1.188,12.0,1,0,0
447,14.9,0.88426,0.47917,1,0,0.00421,1.0,14.468,1.152,12.0,1,0,0
448,14.9333,0.88426,0.47917,1,0,0.00354,1.0,14.514,1.108,12.0,1,0,0
449,14.9667,0.87963,0.45833,1,0,0.00382,1.0,14.525,1.098,12.0,1,0,0
450,15.0,0.87963,0.45833,1,0,0.00452,1.0,14.523,1.106,12.0,1,0,0
451,15.0333,0.88426,0.47917,1,0,0.00662,1.0,14.465,1.123,12.0,1,0,0
452,15.0667,0.87963,0.45833,1,0,0.00533,1.0,14.395,1.118,12.0,1,0,0
453,15.1,0.87963,0.45833,1,0,0.0053,1.0,14.343,1.133,12.0,1,0,0
454,15.1333,0.88426,0.47917,1,0,0.00432,1.0,14.31,1.125,12.0,1,0,0
455,15.1667,0.88426,0.47917,1,0,0.00374,1.0,14.427,1.11,12.0,1,0,0
456,15.2,0.875,0.4375,1,0,0.003,1.0,14.573,1.104,12.0,1,0,0
457,15.2333,0.88889,0.5,1,0,0.00409,1.0,14.714,1.104,12.0,1,0,0
458,15.2667,0.88426,0.47917,1,0,0.00397,1.0,14.693,1.094,12.0,1,0,0
459,15.3,0.88426,0.47917,1,0,0.00331,1.0,14.769,1.085,12.0,1,0,0
460,15.3333,0.88426,0.47917,1,0,0.00374,1.0,14.71,1.089,12.0,1,0,0
461,15.3667,0.88426,0.47917,1,0,0.00347,1.0,14.661,1.101,12.0,1,0,0
462,15.4,0.88426,0.47917,1,0,0.00343,1.0,14.717,1.109,12.0,1,0,0
463,15.4333,0.88426,0.47917,1,0,0.00382,1.0,14.738,1.104,12.0,1,0,0
464,15.4667,0.88889,0.5,1,0,0.00382,1.0,14.588,1.112,12.0,1,0,0
465,15.5,0.88426,0.47917,1,0,0.00526,1.0,14.646,1.108,12.0,1,0,0
466,15.5333,0.88426,0.47917,1,0,0.00382,1.0,14.685,1.102,12.0,1,0,0
467,15.5667,0.88426,0.47917,1,0,0.00428,1.0,14.689,1.111,12.0,1,0,0
468,15.6,0.88426,0.47917,1,0,0.0044,1.0,14.318,1.166,12.0,1,0,0
469,15.6333,0.88426,0.47917,1,0,0.00475,1.0,14.515,1.124,12.0,1,0,0
470,15.6667,0.88426,0.47917,1,0,0.0046,1.0,14.549,1.139,12.0,1,0,0
471,15.7,0.88426,0.47917,1,0,0.00526,1.0,14.499,1.114,12.0,1,0,0
472,15.7333,0.87963,0.45833,1,0,0.00658,2.0,14.426,1.11,12.0,1,0,0
473,15.7667,0.875,0.4375,1,0,0.00678,1.0,14.689,1.073,12.0,1,0,0
474,15.8,0.875,0.4375,1,0,0.00456,1.0,14.642,1.079,12.0,1,0,0
475,15.8333,0.875,0.4375,1,0,0.0051,1.0,14.673,1.079,12.0,1,0,0
476,15.8667,0.875,0.4375,1,0,0.00522,1.0,14.74,1.091,12.0,1,0,0
477,15.9,0.875,0.4375,1,0,0.00713,1.0,14.625,1.103,12.0,1,0,0
478,15.9333,0.88889,0.5,1,0,0.00872,2.0,14.5,1.106,12.0,1,0,0
479,15.9667,0.88889,0.5,1,0,0.00853,3.0,14.604,1.096,12.0,1,0,0
480,16.0,0.88889,0.5,1,0,0.00689,2.0,14.436,1.042,12.0,1,0,0
481,16.0333,0.88889,0.5,1,0,0.00557,1.0,14.547,1.006,12.0,1,0,0
482,16.0667,0.88426,0.47917,1,0,0.00452,1.0,14.61,0.991,12.0,1,0,0
483,16.1,0.88426,0.47917,1,0,0.00596,1.0,14.684,1.013,12.0,1,0,0
484,16.1333,0.88889,0.5,1,0,0.00619,1.0,14.54,1.03,12.0,1,0,0
485,16.1667,0.88426,0.47917,1,0,0.00923,1.0,14.526,1.042,12.0,1,0,0
486,16.2,0.88889,0.5,1,0,0.01001,1.0,14.491,1.038,12.0,1,0,0
487,16.2333,0.88426,0.47917,1,0,0.00872,2.0,14.549,0.99,12.0,1,0,0
488,16.2667,0.88426,0.47917,1,0,0.00744,1.0,14.582,0.976,12.0,1,0,0
489,16.3,0.88426,0.47917,1,0,0.00498,1.0,14.614,0.947,12.0,1,0,0
490,16.3333,0.88426,0.47917,1,0,0.00526,1.0,14.505,0.957,12.0,1,0,0
491,16.3667,0.88426,0.47917,1,0,0.00755,1.0,14.509,0.977,12.0,1,0,0
492,16.4,0.01852,0.08333,1,0,0.00896,1.0,11.757,1.054,12.0,1,0,0
493,16.4333,0.02315,0.10417,1,0,0.00907,1.0,12.545,1.076,12.0,1,0,0
494,16.4667,0.02315,0.10417,1,0,0.00798,1.0,12.305,1.049,12.0,1,0,0
495,16.5,0.88426,0.47917,1,0,0.00654,3.0,14.441,1.011,12.0,1,0,0
496,16.5333,0.88426,0.47917,1,0,0.00654,3.0,14.488,0.973,12.0,1,0,0
497,16.5667,0.88426,0.47917,1,0,0.0067,4.0,14.438,0.935,12.0,1,0,0
498,16.6,0.01389,0.0625,1,0,0.00814,1.0,12.331,0.923,12.0,1,0,0
499,16.6333,0.01852,0.08333,1,0,0.00993,1.0,13.02,0.933,12.0,1,0,0
500,16.6667,0.01852,0.08333,1,0,0.00935,1.0,12.995,0.948,12.0,1,0,0
501,16.7,0.01852,0.08333,1,0,0.00958,1.0,12.86,0.957,12.0,1,0,0
502,16.7333,0.88426,0.47917,1,0,0.00849,4.0,14.306,0.939,12.0,1,0,0
503,16.7667,0.88426,0.47917,1,0,0.00709,2.0,14.3,0.92,12.0,1,0,0
504,16.8,0.88426,0.47917,1,0,0.00927,3.0,14.46,0.837,12.0,1,0,0
505,16.8333,0.01389,0.0625,1,0,0.01133,1.0,12.47,0.836,12.0,1,0,0
506,16.8667,0.01852,0.08333,1,0,0.01195,1.0,12.915,0.864,12.0,1,0,0
507,16.9,0.02315,0.10417,1,0,0.01347,1.0,12.228,0.869,12.0,1,0,0
508,16.9333,0.01852,0.08333,1,0,0.01098,1.0,13.017,0.88,12.0,1,0,0
509,16.9667,0.01389,0.0625,1,0,0.00997,1.0,12.409,0.876,12.0,1,0,0
510,17.0,0.87037,0.41667,1,0,0.00779,3.0,14.623,0.845,12.0,1,0,0
511,17.0333,0.88426,0.47917,1,0,0.0081,3.0,14.638,0.813,12.0,1,0,0
512,17.0667,0.88426,0.47917,1,0,0.00962,4.0,14.743,0.772,12.0,1,0,0
513,17.1,0.02315,0.10417,1,0,0.01199,2.0,12.301,0.739,12.0,1,0,0
514,17.1333,0.02315,0.10417,1,0,0.01359,1.0,12.309,0.749,12.0,1,0,0
515,17.1667,0.02315,0.10417,1,0,0.01254,1.0,11.805,0.746,12.0,1,0,0
516,17.2,0.00926,0.04167,1,0,0.01016,1.0,11.911,0.847,12.0,1,0,0
517,17.2333,0.87037,0.41667,1,0,0.00935,2.0,14.478,0.805,12.0,1,0,0
518,17.2667,0.0,0.0,0,0,0.01012,0.0,0.0,0.782,12.0,1,0,0
519,17.3,0.0,0.0,0,0,0.0088,0.0,0.0,0.737,12.0,1,0,0
520,17.3333,0.01389,0.0625,1,0,0.00903,1.0,11.763,0.704,12.0,1,0,0
521,17.3667,0.02778,0.125,1,0,0.01063,2.0,12.098,0.683,12.0,1,0,0
522,17.4,0.87963,0.45833,1,0,0.00931,3.0,14.42,0.659,12.0,1,0,0
523,17.4333,0.87963,0.45833,1,0,0.00767,2.0,14.368,0.665,12.0,1,0,0
524,17.4667,0.875,0.4375,1,0,0.00541,3.0,14.368,0.656,12.0,1,0,0
525,17.5,0.87963,0.45833,1,0,0.00678,2.0,14.358,0.683,12.0,1,0,0
526,17.5333,0.87963,0.45833,1,0,0.00615,2.0,14.351,0.682,12.0,1,0,0
527,17.5667,0.875,0.4375,1,0,0.00822,3.0,14.364,0.671,12.0,1,0,0
528,17.6,0.01852,0.08333,1,0,0.00938,1.0,13.039,0.662,12.0,1,0,0
529,17.6333,0.87037,0.41667,1,0,0.00896,3.0,14.418,0.608,12.0,1,0,0
530,17.6667,0.87037,0.41667,1,0,0.00646,4.0,14.422,0.606,12.0,1,0,0
531,17.7,0.875,0.4375,1,0,0.00498,4.0,14.729,0.576,12.0,1,0,0
532,17.7333,0.875,0.4375,1,0,0.00436,4.0,14.516,0.586,12.0,1,0,0
533,17.7667,0.87963,0.45833,1,0,0.00732,4.0,14.491,0.578,12.0,1,0,0
534,17.8,0.87963,0.45833,1,0,0.00794,3.0,14.533,0.602,12.0,1,0,0
535,17.8333,0.87963,0.45833,1,0,0.00794,4.0,14.563,0.598,12.0,1,0,0
536,17.8667,0.87963,0.45833,1,0,0.00728,4.0,14.607,0.602,12.0,1,0,0
537,17.9,0.875,0.4375,1,0,0.00514,5.0,14.493,0.578,12.0,1,0,0
538,17.9333,0.87037,0.41667,1,0,0.00495,2.0,14.599,0.561,12.0,1,0,0
539,17.9667,0.87037,0.41667,1,0,0.0053,3.0,14.693,0.543,12.0,1,0,0
540,18.0,0.88889,0.5,1,0,0.00545,2.0,14.261,0.661,12.0,1,0,0
541,18.0333,0.01852,0.08333,1,0,0.00841,1.0,11.51,0.625,12.0,1,0,0
542,18.0667,0.01852,0.08333,1,0,0.00829,1.0,11.638,0.617,12.0,1,0,0
543,18.1,0.87963,0.45833,1,0,0.00572,3.0,14.469,0.59,12.0,1,0,0
544,18.1333,0.87963,0.45833,1,0,0.00354,2.0,14.541,0.564,12.0,1,0,0
545,18.1667,0.88426,0.47917,1,0,0.00378,3.0,14.616,0.507,12.0,1,0,0
546,18.2,0.88426,0.47917,1,0,0.00386,3.0,14.624,0.5,12.0,1,0,0
547,18.2333,0.88426,0.47917,1,0,0.00467,2.0,14.652,0.498,12.0,1,0,0
548,18.2667,0.87963,0.45833,1,0,0.00553,3.0,14.494,0.505,12.0,1,0,0
549,18.3,0.02315,0.10417,1,0,0.00802,1.0,12.245,0.505,12.0,1,0,0
550,18.3333,0.87963,0.45833,1,0,0.00557,3.0,14.475,0.509,12.0,1,0,0
551,18.3667,0.87963,0.45833,1,0,0.00444,2.0,14.596,0.51,12.0,1,0,0
552,18.4,0.88426,0.47917,1,0,0.00386,1.0,14.681,0.515,12.0,1,0,0
553,18.4333,0.88426,0.47917,1,0,0.00413,1.0,14.727,0.459,12.0,1,0,0
554,18.4667,0.87963,0.45833,1,0,0.00417,2.0,14.682,0.452,12.0,1,0,0
555,18.5,0.87963,0.45833,1,0,0.00518,2.0,14.316,0.428,12.0,1,0,0
556,18.5333,0.87037,0.41667,1,0,0.00604,2.0,14.625,0.449,12.0,1,0,0
557,18.5667,0.875,0.4375,1,0,0.00382,2.0,14.627,0.444,12.0,1,0,0
558,18.6,0.87963,0.45833,1,0,0.00315,1.0,14.649,0.437,12.0,1,0,0
559,18.6333,0.88889,0.5,1,0,0.00292,1.0,14.285,0.424,12.0,1,0,0
560,18.6667,0.88889,0.5,1,0,0.00249,1.0,13.678,0.412,12.0,1,0,0
561,18.7,0.88426,0.47917,1,0,0.00276,1.0,13.698,0.412,12.0,1,0,0
562,18.7333,0.87963,0.45833,1,0,0.00374,1.0,14.034,0.401,12.0,1,0,0
563,18.7667,0.87963,0.45833,1,0,0.00413,1.0,14.079,0.4,12.0,1,0,0
564,18.8,0.87963,0.45833,1,0,0.00354,2.0,14.61,0.46,12.0,1,0,0
565,18.8333,0.88889,0.5,1,0,0.00354,1.0,14.682,0.445,12.0,1,0,0
566,18.8667,0.88426,0.47917,1,0,0.00284,1.0,14.702,0.42,12.0,1,0,0
567,18.9,0.88889,0.5,1,0,0.00265,1.0,14.136,0.397,12.0,1,0,0
568,18.9333,0.87963,0.45833,1,0,0.00304,1.0,13.614,0.392,12.0,1,0,0
569,18.9667,0.87963,0.45833,1,0,0.00339,2.0,13.639,0.378,12.0,1,0,0
570,19.0,0.03241,0.14583,1,0,0.00035,2.0,11.958,0.37,12.0,1,0,0
571,19.0333,0.02315,0.0,1,0,8e-05,1.0,14.536,0.367,12.0,1,0,0
572,19.0667,0.02315,0.0,1,0,0.00035,1.0,14.207,0.375,12.0,1,0,0
573,19.1,0.01852,0.0,1,0,0.00035,1.0,14.553,0.371,12.0,1,0,0
574,19.1333,0.0,0.0,0,0,0.00027,0.0,0.0,0.369,12.0,1,0,0
575,19.1667,0.0,0.0,0,0,0.00031,0.0,0.0,0.359,12.0,1,0,0
576,19.2,0.0,0.0,0,0,0.00066,0.0,0.0,0.412,12.0,1,0,0
577,19.2333,0.0,0.0,0,0,0.00012,0.0,0.0,0.384,12.0,1,0,0
578,19.2667,0.0,0.0,0,0,0.0,0.0,0.0,0.373,12.0,1,0,0
579,19.3,0.01852,0.08333,1,0,0.0,1.0,12.916,0.348,12.0,1,0,0
580,19.3333,0.01389,0.0,1,0,0.0,1.0,15.99,0.342,12.0,1,0,0
581,19.3667,0.02315,0.0,1,0,0.0,1.0,14.555,0.336,12.0,1,0,0
582,19.4,0.01852,0.0,1,0,0.0,1.0,14.106,0.345,12.0,1,0,0
583,19.4333,0.0,0.0,0,0,0.0,0.0,0.0,0.355,12.0,1,0,0
584,19.4667,0.0,0.0,0,0,0.0,0.0,0.0,0.343,12.0,1,0,0
585,19.5,0.0,0.0,0,0,0.0,0.0,0.0,0.336,12.0,1,0,0
586,19.5333,0.0,0.0,0,0,0.0,0.0,0.0,0.338,12.0,1,0,0
587,19.5667,0.0,0.0,0,0,0.0,0.0,0.0,0.327,12.0,1,0,0
588,19.6,0.02315,0.10417,1,0,0.0,1.0,14.498,0.391,12.0,1,0,0
589,19.6333,0.01852,0.0,1,0,0.0,1.0,14.059,0.367,12.0,1,0,0
590,19.6667,0.01852,0.0,1,0,0.0,1.0,14.113,0.358,12.0,1,0,0
591,19.7,0.01389,0.0,1,0,0.0,1.0,11.715,0.345,12.0,1,0,0
592,19.7333,0.0,0.0,0,0,0.0,0.0,0.0,0.339,12.0,1,0,0
593,19.7667,0.0,0.0,0,0,0.0,0.0,0.0,0.343,12.0,1,0,0
594,19.8,0.0,0.0,0,0,0.0,0.0,0.0,0.337,12.0,1,0,0
595,19.8333,0.0,0.0,0,0,0.0,0.0,0.0,0.341,12.0,1,0,0
596,19.8667,0.0,0.0,0,0,0.0,0.0,0.0,0.332,12.0,1,0,0
597,19.9,0.0,0.0,0,0,0.0,0.0,0.0,0.329,12.0,1,0,0
598,19.9333,0.01852,0.0,1,0,0.0,1.0,13.475,0.315,12.0,1,0,0
599,19.9667,0.01389,0.0,1,0,0.0,1.0,13.548,0.319,12.0,1,0,0
600,20.0,0.01852,0.0,1,0,0.0,1.0,13.817,0.368,12.0,1,0,0
601,20.0333,0.0,0.0,0,0,0.0,0.0,0.0,0.359,12.0,1,0,0
602,20.0667,0.0,0.0,0,0,0.0,0.0,0.0,0.343,12.0,1,0,0
603,20.1,0.0,0.0,0,0,0.0,0.0,0.0,0.343,12.0,1,0,0
604,20.1333,0.0,0.0,0,0,0.0,0.0,0.0,0.33,12.0,1,0,0
605,20.1667,0.0,0.0,0,0,0.0,0.0,0.0,0.319,12.0,1,0,0
606,20.2,0.0,0.0,0,0,0.0,0.0,0.0,0.309,12.0,1,0,0
607,20.2333,0.01852,0.0,1,0,0.0,1.0,13.832,0.302,12.0,1,0,0
608,20.2667,0.01389,0.0,1,0,0.0,1.0,11.854,0.299,12.0,1,0,0
609,20.3,0.01852,0.0,1,0,0.0,1.0,14.384,0.305,12.0,1,0,0
610,20.3333,0.0,0.0,0,0,0.0,0.0,0.0,0.313,12.0,1,0,0
611,20.3667,0.0,0.0,0,0,0.0,0.0,0.0,0.312,12.0,1,0,0
612,20.4,0.0,0.0,0,0,0.0,0.0,0.0,0.341,12.0,1,0,0
613,20.4333,0.0,0.0,0,0,0.0,0.0,0.0,0.321,12.0,1,0,0
614,20.4667,0.0,0.0,0,0,0.0,0.0,0.0,0.31,12.0,1,0,0
615,20.5,0.01389,0.0625,1,0,0.0,1.0,12.89,0.293,12.0,1,0,0
616,20.5333,0.0,0.0,0,0,0.0,0.0,0.0,0.303,12.0,1,0,0
617,20.5667,0.0,0.0,0,0,0.0,0.0,0.0,0.298,12.0,1,0,0
618,20.6,0.0,0.0,0,0,0.0,0.0,0.0,0.299,12.0,1,0,0
619,20.6333,0.0,0.0,0,0,0.0,0.0,0.0,0.307,12.0,1,0,0
620,20.6667,0.0,0.0,0,0,0.0,0.0,0.0,0.306,12.0,1,0,0
621,20.7,0.0,0.0,0,0,0.0,0.0,0.0,0.304,12.0,1,0,0
622,20.7333,0.0,0.0,0,0,0.0,0.0,0.0,0.3,12.0,1,0,0
623,20.7667,0.0,0.0,0,0,0.0,0.0,0.0,0.292,12.0,1,0,0
624,20.8,0.0,0.0,0,0,0.0,0.0,0.0,0.396,12.0,1,0,0
625,20.8333,0.0,0.0,0,0,0.0,0.0,0.0,0.355,12.0,1,0,0
626,20.8667,0.0,0.0,0,0,0.0,0.0,0.0,0.333,12.0,1,0,0
627,20.9,0.0,0.0,0,0,0.0,0.0,0.0,0.333,12.0,1,0,0
628,20.9333,0.0,0.0,0,0,0.0,0.0,0.0,0.318,12.0,1,0,0
629,20.9667,0.0,0.0,0,0,0.0,0.0,0.0,0.306,12.0,1,0,0
630,21.0,0.0,0.0,0,0,0.0,0.0,0.0,0.296,12.0,1,0,0
631,21.0333,0.0,0.0,0,0,0.0,0.0,0.0,0.291,12.0,1,0,1
